{"cameraMode":{"drawMode":0,"name":"Shaded","section":"Shading Mode"},"sceneLighting":true,"audioPlay":false,"sceneViewState":{"m_AlwaysRefresh":false,"showFog":true,"showSkybox":true,"showFlares":true,"showImageEffects":true,"showParticleSystems":true,"showVisualEffectGraphs":true,"m_FxEnabled":true},"in2DMode":false,"pivot":{"x":7.648263931274414,"y":-6.715885162353516,"z":21.147462844848634},"rotation":{"x":0.26825636625289919,"y":0.09689103811979294,"z":-0.02712739259004593,"w":0.9580899477005005},"size":17.656103134155275,"orthographic":false}